count	severity	subsystem
2243	error	Configuration
2223	error	UI
330	error	root
329	error	Compilation
228	error	Security
202	warning	Hosting
183	error	Hosting
105	warning	root
101	warning	Security
85	warning	UI
57	error	Management
50	warning	Configuration
47	error	State
47	error	Util
45	error	Cache
42	warning	Util
37	warning	Compilation
35	warning	State
26	warning	Management
22	warning	WebSockets
20	error	Profile
17	warning	Cache
17	warning	Profile
13	error	Properties
11	error	DataAccess
6	error	WebSockets
6	warning	Abstractions
5	error	Handlers
4	error	misc
4	warning	Handlers
2	error	Globalization
2	warning	DataAccess
2	warning	Routing
1	error	DataAnnotations
1	warning	Administration
1	warning	Globalization
