count	severity	code	message
421	warning	SYSLIB0003	'SecurityAction' is obsolete: 'Code Access Security is not supported or honored by the runtime.' (https://aka.ms/dotnet-warnings/SYSLIB0003)
206	warning	SYSLIB0003	'SecurityPermissionAttribute' is obsolete: 'Code Access Security is not supported or honored by the runtime.' (https://aka.ms/dotnet-warnings/SYSLIB0003)
204	warning	CS0436	The type 'HttpUtility' in '/Users/vm/repos/rehost-webforms/src/Rehost.WebForms.Runtime/../System.Web.ReferenceSource/httpserverutility.cs' conflicts with the imported type 'HttpUtility' in 'System.Web.HttpUtility, Version=10.0.0.0, Culture=neutral, PublicKeyToken=cc7b13ffcd2ddd51'. Using the type defined in '/Users/vm/repos/rehost-webforms/src/Rehost.WebForms.Runtime/../System.Web.ReferenceSource/httpserverutility.cs'.
187	warning	CS0618	'SqlParameter' is obsolete: 'Use the Microsoft.Data.SqlClient package instead.'
186	warning	CS0618	'SqlCommand' is obsolete: 'Use the Microsoft.Data.SqlClient package instead.'
70	warning	SYSLIB0003	'PermissionSetAttribute' is obsolete: 'Code Access Security is not supported or honored by the runtime.' (https://aka.ms/dotnet-warnings/SYSLIB0003)
54	warning	CS0618	'SqlConnection' is obsolete: 'Use the Microsoft.Data.SqlClient package instead.'
49	warning	SYSLIB0003	'DirectoryServicesPermissionAttribute' is obsolete: 'Code Access Security is not supported or honored by the runtime.' (https://aka.ms/dotnet-warnings/SYSLIB0003)
47	warning	CA1416	This call site is reachable on all platforms. 'DirectoryEntry.Properties' is only supported on: 'windows'. (https://learn.microsoft.com/dotnet/fundamentals/code-analysis/quality-rules/ca1416)
41	warning	CA1416	This call site is reachable on all platforms. 'PropertyCollection.this[string]' is only supported on: 'windows'. (https://learn.microsoft.com/dotnet/fundamentals/code-analysis/quality-rules/ca1416)
40	warning	SYSLIB0003	'AspNetHostingPermissionAttribute' is obsolete: 'Code Access Security is not supported or honored by the runtime.' (https://aka.ms/dotnet-warnings/SYSLIB0003)
34	warning	CA1416	This call site is reachable on all platforms. 'DirectorySearcher.PropertiesToLoad' is only supported on: 'windows'. (https://learn.microsoft.com/dotnet/fundamentals/code-analysis/quality-rules/ca1416)
34	warning	SYSLIB0003	'SecurityPermissionFlag' is obsolete: 'Code Access Security is not supported or honored by the runtime.' (https://aka.ms/dotnet-warnings/SYSLIB0003)
32	warning	CA1416	This call site is reachable on all platforms. 'PropertyValueCollection.Value' is only supported on: 'windows'. (https://learn.microsoft.com/dotnet/fundamentals/code-analysis/quality-rules/ca1416)
31	warning	SYSLIB0003	'CodeAccessPermission' is obsolete: 'Code Access Security is not supported or honored by the runtime.' (https://aka.ms/dotnet-warnings/SYSLIB0003)
30	warning	SYSLIB0003	'PermissionSet' is obsolete: 'Code Access Security is not supported or honored by the runtime.' (https://aka.ms/dotnet-warnings/SYSLIB0003)
28	warning	SYSLIB0003	'FileIOPermissionAccess' is obsolete: 'Code Access Security is not supported or honored by the runtime.' (https://aka.ms/dotnet-warnings/SYSLIB0003)
26	warning	CS0618	'SqlDataReader' is obsolete: 'Use the Microsoft.Data.SqlClient package instead.'
24	warning	CS0618	'SqlException' is obsolete: 'Use the Microsoft.Data.SqlClient package instead.'
22	warning	SYSLIB0003	'FileIOPermissionAttribute' is obsolete: 'Code Access Security is not supported or honored by the runtime.' (https://aka.ms/dotnet-warnings/SYSLIB0003)
22	warning	SYSLIB0003	'IStackWalk' is obsolete: 'Code Access Security is not supported or honored by the runtime.' (https://aka.ms/dotnet-warnings/SYSLIB0003)
19	warning	CA1416	This call site is reachable on all platforms. 'DirectoryEntry' is only supported on: 'windows'. (https://learn.microsoft.com/dotnet/fundamentals/code-analysis/quality-rules/ca1416)
19	warning	SYSLIB0003	'FileIOPermission' is obsolete: 'Code Access Security is not supported or honored by the runtime.' (https://aka.ms/dotnet-warnings/SYSLIB0003)
19	warning	SYSLIB0003	'PermissionState' is obsolete: 'Code Access Security is not supported or honored by the runtime.' (https://aka.ms/dotnet-warnings/SYSLIB0003)
19	warning	SYSLIB0011	'BinaryFormatter' is obsolete: 'BinaryFormatter serialization is obsolete and should not be used. See https://aka.ms/binaryformatter for more information.' (https://aka.ms/dotnet-warnings/SYSLIB0011)
16	warning	SYSLIB0023	'RNGCryptoServiceProvider' is obsolete: 'RNGCryptoServiceProvider is obsolete. To generate a random number, use one of the RandomNumberGenerator static methods instead.' (https://aka.ms/dotnet-warnings/SYSLIB0023)
14	warning	CA1416	This call site is reachable on all platforms. 'SearchResult.Properties' is only supported on: 'windows'. (https://learn.microsoft.com/dotnet/fundamentals/code-analysis/quality-rules/ca1416)
14	warning	SYSLIB0003	'ReflectionPermissionAttribute' is obsolete: 'Code Access Security is not supported or honored by the runtime.' (https://aka.ms/dotnet-warnings/SYSLIB0003)
12	warning	CA1416	This call site is reachable on all platforms. 'DirectorySearcher.Filter' is only supported on: 'windows'. (https://learn.microsoft.com/dotnet/fundamentals/code-analysis/quality-rules/ca1416)
12	warning	CA1416	This call site is reachable on all platforms. 'WindowsIdentity.Name' is only supported on: 'windows'. (https://learn.microsoft.com/dotnet/fundamentals/code-analysis/quality-rules/ca1416)
11	warning	CA1416	This call site is reachable on all platforms. 'Marshal.ReleaseComObject(object)' is only supported on: 'windows'. (https://learn.microsoft.com/dotnet/fundamentals/code-analysis/quality-rules/ca1416)
11	warning	SYSLIB0003	'ReflectionPermissionFlag' is obsolete: 'Code Access Security is not supported or honored by the runtime.' (https://aka.ms/dotnet-warnings/SYSLIB0003)
10	warning	CS0618	'SqlConnectionStringBuilder' is obsolete: 'Use the Microsoft.Data.SqlClient package instead.'
10	warning	SYSLIB0003	'AspNetHostingPermission' is obsolete: 'Code Access Security is not supported or honored by the runtime.' (https://aka.ms/dotnet-warnings/SYSLIB0003)
10	warning	SYSLIB0003	'SecurityPermission' is obsolete: 'Code Access Security is not supported or honored by the runtime.' (https://aka.ms/dotnet-warnings/SYSLIB0003)
10	warning	SYSLIB0005	'Assembly.GlobalAssemblyCache' is obsolete: 'The Global Assembly Cache is not supported.' (https://aka.ms/dotnet-warnings/SYSLIB0005)
9	warning	CA1416	This call site is reachable on all platforms. 'DirectoryEntry.CommitChanges()' is only supported on: 'windows'. (https://learn.microsoft.com/dotnet/fundamentals/code-analysis/quality-rules/ca1416)
9	warning	CA1416	This call site is reachable on all platforms. 'ResultPropertyCollection.Contains(string)' is only supported on: 'windows'. (https://learn.microsoft.com/dotnet/fundamentals/code-analysis/quality-rules/ca1416)
9	warning	SYSLIB0003	'IPermission' is obsolete: 'Code Access Security is not supported or honored by the runtime.' (https://aka.ms/dotnet-warnings/SYSLIB0003)
9	warning	SYSLIB0003	'StrongName' is obsolete: 'Code Access Security is not supported or honored by the runtime.' (https://aka.ms/dotnet-warnings/SYSLIB0003)
8	warning	CA1416	This call site is reachable on all platforms. 'DirectorySearcher' is only supported on: 'windows'. (https://learn.microsoft.com/dotnet/fundamentals/code-analysis/quality-rules/ca1416)
8	warning	CA1416	This call site is reachable on all platforms. 'DirectorySearcher.SearchScope' is only supported on: 'windows'. (https://learn.microsoft.com/dotnet/fundamentals/code-analysis/quality-rules/ca1416)
8	warning	CA1416	This call site is reachable on all platforms. 'SearchScope.Subtree' is only supported on: 'windows'. (https://learn.microsoft.com/dotnet/fundamentals/code-analysis/quality-rules/ca1416)
8	warning	CA1416	This call site is reachable on all platforms. 'WindowsIdentity.GetCurrent()' is only supported on: 'windows'. (https://learn.microsoft.com/dotnet/fundamentals/code-analysis/quality-rules/ca1416)
7	warning	CA1416	This call site is reachable on all platforms. 'DirectoryEntry.InvokeGet(string)' is only supported on: 'windows'. (https://learn.microsoft.com/dotnet/fundamentals/code-analysis/quality-rules/ca1416)
7	warning	CS0618	'SqlParameterCollection' is obsolete: 'Use the Microsoft.Data.SqlClient package instead.'
7	warning	SYSLIB0003	'ReflectionPermission' is obsolete: 'Code Access Security is not supported or honored by the runtime.' (https://aka.ms/dotnet-warnings/SYSLIB0003)
7	warning	SYSLIB0004	'Cer' is obsolete: 'The Constrained Execution Region (CER) feature is not supported.' (https://aka.ms/dotnet-warnings/SYSLIB0004)
7	warning	SYSLIB0004	'Consistency' is obsolete: 'The Constrained Execution Region (CER) feature is not supported.' (https://aka.ms/dotnet-warnings/SYSLIB0004)
7	warning	SYSLIB0004	'ReliabilityContractAttribute' is obsolete: 'The Constrained Execution Region (CER) feature is not supported.' (https://aka.ms/dotnet-warnings/SYSLIB0004)
6	error	CS0103	The name 'ServiceControllerStatus' does not exist in the current context
6	warning	CA1416	This call site is reachable on all platforms. 'DirectorySearcher.ClientTimeout' is only supported on: 'windows'. (https://learn.microsoft.com/dotnet/fundamentals/code-analysis/quality-rules/ca1416)
6	warning	CA1416	This call site is reachable on all platforms. 'DirectorySearcher.ServerPageTimeLimit' is only supported on: 'windows'. (https://learn.microsoft.com/dotnet/fundamentals/code-analysis/quality-rules/ca1416)
6	warning	CA1416	This call site is reachable on all platforms. 'PropertyCollection.Contains(string)' is only supported on: 'windows'. (https://learn.microsoft.com/dotnet/fundamentals/code-analysis/quality-rules/ca1416)
6	warning	SYSLIB0003	'EnvironmentPermissionAttribute' is obsolete: 'Code Access Security is not supported or honored by the runtime.' (https://aka.ms/dotnet-warnings/SYSLIB0003)
6	warning	SYSLIB0003	'NamedPermissionSet' is obsolete: 'Code Access Security is not supported or honored by the runtime.' (https://aka.ms/dotnet-warnings/SYSLIB0003)
6	warning	SYSLIB0003	'RegistryPermissionAttribute' is obsolete: 'Code Access Security is not supported or honored by the runtime.' (https://aka.ms/dotnet-warnings/SYSLIB0003)
6	warning	SYSLIB0051	'Exception.GetObjectData(SerializationInfo, StreamingContext)' is obsolete: 'This API supports obsolete formatter-based serialization. It should not be called or extended by application code.' (https://aka.ms/dotnet-warnings/SYSLIB0051)
5	error	CS0103	The name 'Debug' does not exist in the current context
5	warning	CA1416	This call site is reachable on all platforms. 'DirectoryEntry.Children' is only supported on: 'windows'. (https://learn.microsoft.com/dotnet/fundamentals/code-analysis/quality-rules/ca1416)
5	warning	CA1416	This call site is reachable on all platforms. 'DirectoryEntry.Options' is only supported on: 'windows'. (https://learn.microsoft.com/dotnet/fundamentals/code-analysis/quality-rules/ca1416)
5	warning	CA1416	This call site is reachable on all platforms. 'DirectorySearcher.FindOne()' is only supported on: 'windows'. (https://learn.microsoft.com/dotnet/fundamentals/code-analysis/quality-rules/ca1416)
5	warning	CA1416	This call site is reachable on all platforms. 'Marshal.FinalReleaseComObject(object)' is only supported on: 'windows'. (https://learn.microsoft.com/dotnet/fundamentals/code-analysis/quality-rules/ca1416)
5	warning	CA1416	This call site is reachable on all platforms. 'ResultPropertyCollection.this[string]' is only supported on: 'windows'. (https://learn.microsoft.com/dotnet/fundamentals/code-analysis/quality-rules/ca1416)
5	warning	CA1416	This call site is reachable on all platforms. 'WindowsIdentity.Token' is only supported on: 'windows'. (https://learn.microsoft.com/dotnet/fundamentals/code-analysis/quality-rules/ca1416)
5	warning	CA1416	This call site is reachable on all platforms. 'WindowsPrincipal' is only supported on: 'windows'. (https://learn.microsoft.com/dotnet/fundamentals/code-analysis/quality-rules/ca1416)
5	warning	SYSLIB0003	'ConfigurationPermissionAttribute' is obsolete: 'Code Access Security is not supported or honored by the runtime.' (https://aka.ms/dotnet-warnings/SYSLIB0003)
5	warning	SYSLIB0006	'Thread.ResetAbort()' is obsolete: 'Thread.ResetAbort is not supported and throws PlatformNotSupportedException.' (https://aka.ms/dotnet-warnings/SYSLIB0006)
5	warning	SYSLIB0011	'IFormatter' is obsolete: 'BinaryFormatter serialization is obsolete and should not be used. See https://aka.ms/binaryformatter for more information.' (https://aka.ms/dotnet-warnings/SYSLIB0011)
4	error	CS0117	'ConfigPathUtility' does not contain a definition for 'GetParent'
4	error	CS1061	'AppDomainSetup' does not contain a definition for 'PartialTrustVisibleAssemblies' and no accessible extension method 'PartialTrustVisibleAssemblies' accepting a first argument of type 'AppDomainSetup' could be found (are you missing a using directive or an assembly reference?)
4	warning	CA1416	This call site is reachable on all platforms. 'DirectoryEntries.Remove(DirectoryEntry)' is only supported on: 'windows'. (https://learn.microsoft.com/dotnet/fundamentals/code-analysis/quality-rules/ca1416)
4	warning	CA1416	This call site is reachable on all platforms. 'DirectoryEntry.AuthenticationType' is only supported on: 'windows'. (https://learn.microsoft.com/dotnet/fundamentals/code-analysis/quality-rules/ca1416)
4	warning	CA1416	This call site is reachable on all platforms. 'Marshal.GetObjectForIUnknown(nint)' is only supported on: 'windows'. (https://learn.microsoft.com/dotnet/fundamentals/code-analysis/quality-rules/ca1416)
4	warning	CA1416	This call site is reachable on all platforms. 'Registry.GetValue(string, string?, object?)' is only supported on: 'windows'. (https://learn.microsoft.com/dotnet/fundamentals/code-analysis/quality-rules/ca1416)
4	warning	CA1416	This call site is reachable on all platforms. 'WindowsIdentity' is only supported on: 'windows'. (https://learn.microsoft.com/dotnet/fundamentals/code-analysis/quality-rules/ca1416)
4	warning	SYSLIB0003	'PolicyStatement.PermissionSet' is obsolete: 'Code Access Security is not supported or honored by the runtime.' (https://aka.ms/dotnet-warnings/SYSLIB0003)
3	error	CS0103	The name 'RemotingServices' does not exist in the current context
3	error	CS0246	The type or namespace name 'BindableTypeAttribute' could not be found (are you missing a using directive or an assembly reference?)
3	error	CS0246	The type or namespace name 'WindowsImpersonationContext' could not be found (are you missing a using directive or an assembly reference?)
3	error	CS1061	'WindowsIdentity' does not contain a definition for 'Impersonate' and no accessible extension method 'Impersonate' accepting a first argument of type 'WindowsIdentity' could be found (are you missing a using directive or an assembly reference?)
3	warning	CA1416	This call site is reachable on all platforms. 'AuthenticationTypes.None' is only supported on: 'windows'. (https://learn.microsoft.com/dotnet/fundamentals/code-analysis/quality-rules/ca1416)
3	warning	CA1416	This call site is reachable on all platforms. 'AuthenticationTypes.Secure' is only supported on: 'windows'. (https://learn.microsoft.com/dotnet/fundamentals/code-analysis/quality-rules/ca1416)
3	warning	CA1416	This call site is reachable on all platforms. 'DirectoryEntry.Invoke(string, params object?[]?)' is only supported on: 'windows'. (https://learn.microsoft.com/dotnet/fundamentals/code-analysis/quality-rules/ca1416)
3	warning	CA1416	This call site is reachable on all platforms. 'DirectoryEntry.RefreshCache()' is only supported on: 'windows'. (https://learn.microsoft.com/dotnet/fundamentals/code-analysis/quality-rules/ca1416)
3	warning	CA1416	This call site is reachable on all platforms. 'DirectorySearcher.FindAll()' is only supported on: 'windows'. (https://learn.microsoft.com/dotnet/fundamentals/code-analysis/quality-rules/ca1416)
3	warning	CA1416	This call site is reachable on all platforms. 'RegistryKey.OpenSubKey(string)' is only supported on: 'windows'. (https://learn.microsoft.com/dotnet/fundamentals/code-analysis/quality-rules/ca1416)
3	warning	CA1416	This call site is reachable on all platforms. 'ResultPropertyValueCollection.this[int]' is only supported on: 'windows'. (https://learn.microsoft.com/dotnet/fundamentals/code-analysis/quality-rules/ca1416)
3	warning	CA1416	This call site is reachable on all platforms. 'SearchResultCollection.Dispose()' is only supported on: 'windows'. (https://learn.microsoft.com/dotnet/fundamentals/code-analysis/quality-rules/ca1416)
3	warning	CA1416	This call site is reachable on all platforms. 'SearchScope.OneLevel' is only supported on: 'windows'. (https://learn.microsoft.com/dotnet/fundamentals/code-analysis/quality-rules/ca1416)
3	warning	CA1416	This call site is reachable on all platforms. 'Type.GetTypeFromProgID(string)' is only supported on: 'windows'. (https://learn.microsoft.com/dotnet/fundamentals/code-analysis/quality-rules/ca1416)
3	warning	CA1416	This call site is reachable on all platforms. 'WindowsAccountType.Normal' is only supported on: 'windows'. (https://learn.microsoft.com/dotnet/fundamentals/code-analysis/quality-rules/ca1416)
3	warning	SYSLIB0003	'HostProtectionAttribute' is obsolete: 'Code Access Security is not supported or honored by the runtime.' (https://aka.ms/dotnet-warnings/SYSLIB0003)
3	warning	SYSLIB0003	'PolicyLevel.GetNamedPermissionSet(string)' is obsolete: 'Code Access Security is not supported or honored by the runtime.' (https://aka.ms/dotnet-warnings/SYSLIB0003)
3	warning	SYSLIB0003	'SqlClientPermission' is obsolete: 'Code Access Security is not supported or honored by the runtime.' (https://aka.ms/dotnet-warnings/SYSLIB0003)
3	warning	SYSLIB0003	'StrongNamePublicKeyBlob' is obsolete: 'Code Access Security is not supported or honored by the runtime.' (https://aka.ms/dotnet-warnings/SYSLIB0003)
3	warning	SYSLIB0024	'AppDomain.Unload(AppDomain)' is obsolete: 'Creating and unloading AppDomains is not supported and throws an exception.' (https://aka.ms/dotnet-warnings/SYSLIB0024)
3	warning	SYSLIB0045	'HashAlgorithm.Create(string)' is obsolete: 'Cryptographic factory methods accepting an algorithm name are obsolete. Use the parameterless Create factory method on the algorithm type instead.' (https://aka.ms/dotnet-warnings/SYSLIB0045)
3	warning	SYSLIB0051	'Exception.Exception(SerializationInfo, StreamingContext)' is obsolete: 'This API supports obsolete formatter-based serialization. It should not be called or extended by application code.' (https://aka.ms/dotnet-warnings/SYSLIB0051)
3	warning	SYSLIB0051	'NameObjectCollectionBase.GetObjectData(SerializationInfo, StreamingContext)' is obsolete: 'This API supports obsolete formatter-based serialization. It should not be called or extended by application code.' (https://aka.ms/dotnet-warnings/SYSLIB0051)
3	warning	SYSLIB0051	'SystemException.SystemException(SerializationInfo, StreamingContext)' is obsolete: 'This API supports obsolete formatter-based serialization. It should not be called or extended by application code.' (https://aka.ms/dotnet-warnings/SYSLIB0051)
2	error	CS0246	The type or namespace name 'ResXResourceReader' could not be found (are you missing a using directive or an assembly reference?)
2	error	CS1061	'AppDomain' does not contain a definition for 'DefineDynamicAssembly' and no accessible extension method 'DefineDynamicAssembly' accepting a first argument of type 'AppDomain' could be found (are you missing a using directive or an assembly reference?)
2	error	CS1061	'AppDomainSetup' does not contain a definition for 'ApplicationName' and no accessible extension method 'ApplicationName' accepting a first argument of type 'AppDomainSetup' could be found (are you missing a using directive or an assembly reference?)
2	error	CS1069	The type name 'ServiceController' could not be found in the namespace 'System.ServiceProcess'. This type has been forwarded to assembly 'System.ServiceProcess.ServiceController, Version=0.0.0.0, Culture=neutral, PublicKeyToken=b03f5f7f11d50a3a' Consider adding a reference to that assembly.
2	error	CS1501	No overload for method 'GetAccessControl' takes 2 arguments
2	error	CS1501	No overload for method 'Load' takes 3 arguments
2	error	CS1501	No overload for method 'SetData' takes 3 arguments
2	warning	CA1416	This call site is reachable on all platforms. 'ActiveDirectoryPartition.Name' is only supported on: 'windows'. (https://learn.microsoft.com/dotnet/fundamentals/code-analysis/quality-rules/ca1416)
2	warning	CA1416	This call site is reachable on all platforms. 'AuthenticationTypes.FastBind' is only supported on: 'windows'. (https://learn.microsoft.com/dotnet/fundamentals/code-analysis/quality-rules/ca1416)
2	warning	CA1416	This call site is reachable on all platforms. 'AuthenticationTypes.Sealing' is only supported on: 'windows'. (https://learn.microsoft.com/dotnet/fundamentals/code-analysis/quality-rules/ca1416)
2	warning	CA1416	This call site is reachable on all platforms. 'AuthenticationTypes.SecureSocketsLayer' is only supported on: 'windows'. (https://learn.microsoft.com/dotnet/fundamentals/code-analysis/quality-rules/ca1416)
2	warning	CA1416	This call site is reachable on all platforms. 'AuthenticationTypes.Signing' is only supported on: 'windows'. (https://learn.microsoft.com/dotnet/fundamentals/code-analysis/quality-rules/ca1416)
2	warning	CA1416	This call site is reachable on all platforms. 'DirectoryContext' is only supported on: 'windows'. (https://learn.microsoft.com/dotnet/fundamentals/code-analysis/quality-rules/ca1416)
2	warning	CA1416	This call site is reachable on all platforms. 'DirectoryEntry.Password' is only supported on: 'windows'. (https://learn.microsoft.com/dotnet/fundamentals/code-analysis/quality-rules/ca1416)
2	warning	CA1416	This call site is reachable on all platforms. 'DirectoryEntry.Username' is only supported on: 'windows'. (https://learn.microsoft.com/dotnet/fundamentals/code-analysis/quality-rules/ca1416)
2	warning	CA1416	This call site is reachable on all platforms. 'DirectoryEntryConfiguration.PasswordEncoding' is only supported on: 'windows'. (https://learn.microsoft.com/dotnet/fundamentals/code-analysis/quality-rules/ca1416)
2	warning	CA1416	This call site is reachable on all platforms. 'DirectoryEntryConfiguration.PasswordPort' is only supported on: 'windows'. (https://learn.microsoft.com/dotnet/fundamentals/code-analysis/quality-rules/ca1416)
2	warning	CA1416	This call site is reachable on all platforms. 'Domain.Forest' is only supported on: 'windows'. (https://learn.microsoft.com/dotnet/fundamentals/code-analysis/quality-rules/ca1416)
2	warning	CA1416	This call site is reachable on all platforms. 'Domain.GetDomain(DirectoryContext)' is only supported on: 'windows'. (https://learn.microsoft.com/dotnet/fundamentals/code-analysis/quality-rules/ca1416)
2	warning	CA1416	This call site is reachable on all platforms. 'Forest.Name' is only supported on: 'windows'. (https://learn.microsoft.com/dotnet/fundamentals/code-analysis/quality-rules/ca1416)
2	warning	CA1416	This call site is reachable on all platforms. 'Marshal.GetIUnknownForObject(object)' is only supported on: 'windows'. (https://learn.microsoft.com/dotnet/fundamentals/code-analysis/quality-rules/ca1416)
2	warning	CA1416	This call site is reachable on all platforms. 'Registry.LocalMachine' is only supported on: 'windows'. (https://learn.microsoft.com/dotnet/fundamentals/code-analysis/quality-rules/ca1416)
2	warning	CA1416	This call site is reachable on all platforms. 'SearchResult.GetDirectoryEntry()' is only supported on: 'windows'. (https://learn.microsoft.com/dotnet/fundamentals/code-analysis/quality-rules/ca1416)
2	warning	CA1416	This call site is reachable on all platforms. 'SecurityIdentifier' is only supported on: 'windows'. (https://learn.microsoft.com/dotnet/fundamentals/code-analysis/quality-rules/ca1416)
2	warning	CA1416	This call site is reachable on all platforms. 'SecurityIdentifier.BinaryLength' is only supported on: 'windows'. (https://learn.microsoft.com/dotnet/fundamentals/code-analysis/quality-rules/ca1416)
2	warning	CA1416	This call site is reachable on all platforms. 'SecurityIdentifier.GetBinaryForm(byte[], int)' is only supported on: 'windows'. (https://learn.microsoft.com/dotnet/fundamentals/code-analysis/quality-rules/ca1416)
2	warning	CA1416	This call site is reachable on all platforms. 'Type.GetTypeFromCLSID(Guid, string?, bool)' is only supported on: 'windows'. (https://learn.microsoft.com/dotnet/fundamentals/code-analysis/quality-rules/ca1416)
2	warning	CA2022	Avoid inexact read with 'System.IO.Stream.Read(byte[], int, int)' (https://learn.microsoft.com/dotnet/fundamentals/code-analysis/quality-rules/ca2022)
2	warning	CS0436	The type 'IHtmlString' in '/Users/vm/repos/rehost-webforms/src/Rehost.WebForms.Runtime/../System.Web.ReferenceSource/IHtmlString.cs' conflicts with the imported type 'IHtmlString' in 'System.Web.HttpUtility, Version=10.0.0.0, Culture=neutral, PublicKeyToken=cc7b13ffcd2ddd51'. Using the type defined in '/Users/vm/repos/rehost-webforms/src/Rehost.WebForms.Runtime/../System.Web.ReferenceSource/IHtmlString.cs'.
2	warning	CS0612	'SecurityManager.LoadPolicyLevelFromString(string, PolicyLevelType)' is obsolete
2	warning	CS0618	'MachineKeySection.GetEncodedData(byte[], byte[], int, ref int)' is obsolete: 'This API exists only for backward compatibility; new framework features that require cryptographic services MUST NOT call it. New features should use the AspNetCryptoServiceProvider class instead.'
2	warning	CS0618	'SqlDependency' is obsolete: 'Use the Microsoft.Data.SqlClient package instead.'
2	warning	CS9191	The 'ref' modifier for argument 2 corresponding to 'in' parameter is equivalent to 'in'. Consider using 'in' instead.
2	warning	SYSLIB0003	'EnvironmentPermission' is obsolete: 'Code Access Security is not supported or honored by the runtime.' (https://aka.ms/dotnet-warnings/SYSLIB0003)
2	warning	SYSLIB0003	'PolicyStatement.PolicyStatement(PermissionSet)' is obsolete: 'Code Access Security is not supported or honored by the runtime.' (https://aka.ms/dotnet-warnings/SYSLIB0003)
2	warning	SYSLIB0003	'SecurityManager' is obsolete: 'Code Access Security is not supported or honored by the runtime.' (https://aka.ms/dotnet-warnings/SYSLIB0003)
2	warning	SYSLIB0003	'SmtpPermissionAttribute' is obsolete: 'Code Access Security is not supported or honored by the runtime.' (https://aka.ms/dotnet-warnings/SYSLIB0003)
2	warning	SYSLIB0003	'Url' is obsolete: 'Code Access Security is not supported or honored by the runtime.' (https://aka.ms/dotnet-warnings/SYSLIB0003)
2	warning	SYSLIB0003	'WebPermission' is obsolete: 'Code Access Security is not supported or honored by the runtime.' (https://aka.ms/dotnet-warnings/SYSLIB0003)
2	warning	SYSLIB0003	'Zone' is obsolete: 'Code Access Security is not supported or honored by the runtime.' (https://aka.ms/dotnet-warnings/SYSLIB0003)
2	warning	SYSLIB0006	'Thread.Abort(object?)' is obsolete: 'Thread.Abort is not supported and throws PlatformNotSupportedException.' (https://aka.ms/dotnet-warnings/SYSLIB0006)
2	warning	SYSLIB0050	'ISurrogateSelector' is obsolete: 'Formatter-based serialization is obsolete and should not be used.' (https://aka.ms/dotnet-warnings/SYSLIB0050)
2	warning	SYSLIB0050	'Type.IsSerializable' is obsolete: 'Formatter-based serialization is obsolete and should not be used.' (https://aka.ms/dotnet-warnings/SYSLIB0050)
1	error	CS0103	The name 'OleDbFactory' does not exist in the current context
1	error	CS0103	The name 'ServiceController' does not exist in the current context
1	error	CS0200	Property or indexer 'AppDomainSetup.ApplicationBase' cannot be assigned to -- it is read only
1	error	CS0200	Property or indexer 'AppDomainSetup.TargetFrameworkName' cannot be assigned to -- it is read only
1	error	CS0246	The type or namespace name 'CrossAppDomainDelegate' could not be found (are you missing a using directive or an assembly reference?)
1	error	CS0246	The type or namespace name 'DynamicRoleClaimProvider' could not be found (are you missing a using directive or an assembly reference?)
1	error	CS0246	The type or namespace name 'MD5Cng' could not be found (are you missing a using directive or an assembly reference?)
1	error	CS0246	The type or namespace name 'SHA1Cng' could not be found (are you missing a using directive or an assembly reference?)
1	error	CS0246	The type or namespace name 'SHA256Cng' could not be found (are you missing a using directive or an assembly reference?)
1	error	CS0246	The type or namespace name 'SHA384Cng' could not be found (are you missing a using directive or an assembly reference?)
1	error	CS0246	The type or namespace name 'SHA512Cng' could not be found (are you missing a using directive or an assembly reference?)
1	error	CS1061	'AppDomain' does not contain a definition for 'DoCallBack' and no accessible extension method 'DoCallBack' accepting a first argument of type 'AppDomain' could be found (are you missing a using directive or an assembly reference?)
1	error	CS1061	'AppDomain' does not contain a definition for 'Evidence' and no accessible extension method 'Evidence' accepting a first argument of type 'AppDomain' could be found (are you missing a using directive or an assembly reference?)
1	error	CS1061	'AppDomain' does not contain a definition for 'SetAppDomainPolicy' and no accessible extension method 'SetAppDomainPolicy' accepting a first argument of type 'AppDomain' could be found (are you missing a using directive or an assembly reference?)
1	error	CS1061	'AppDomainSetup' does not contain a definition for 'AppDomainManagerAssembly' and no accessible extension method 'AppDomainManagerAssembly' accepting a first argument of type 'AppDomainSetup' could be found (are you missing a using directive or an assembly reference?)
1	error	CS1061	'AppDomainSetup' does not contain a definition for 'AppDomainManagerType' and no accessible extension method 'AppDomainManagerType' accepting a first argument of type 'AppDomainSetup' could be found (are you missing a using directive or an assembly reference?)
1	error	CS1061	'AppDomainSetup' does not contain a definition for 'CachePath' and no accessible extension method 'CachePath' accepting a first argument of type 'AppDomainSetup' could be found (are you missing a using directive or an assembly reference?)
1	error	CS1061	'AppDomainSetup' does not contain a definition for 'ConfigurationFile' and no accessible extension method 'ConfigurationFile' accepting a first argument of type 'AppDomainSetup' could be found (are you missing a using directive or an assembly reference?)
1	error	CS1061	'AppDomainSetup' does not contain a definition for 'DisallowCodeDownload' and no accessible extension method 'DisallowCodeDownload' accepting a first argument of type 'AppDomainSetup' could be found (are you missing a using directive or an assembly reference?)
1	error	CS1061	'AppDomainSetup' does not contain a definition for 'LoaderOptimization' and no accessible extension method 'LoaderOptimization' accepting a first argument of type 'AppDomainSetup' could be found (are you missing a using directive or an assembly reference?)
1	error	CS1061	'AppDomainSetup' does not contain a definition for 'PrivateBinPathProbe' and no accessible extension method 'PrivateBinPathProbe' accepting a first argument of type 'AppDomainSetup' could be found (are you missing a using directive or an assembly reference?)
1	error	CS1061	'AppDomainSetup' does not contain a definition for 'SetCompatibilitySwitches' and no accessible extension method 'SetCompatibilitySwitches' accepting a first argument of type 'AppDomainSetup' could be found (are you missing a using directive or an assembly reference?)
1	error	CS1061	'AppDomainSetup' does not contain a definition for 'ShadowCopyFiles' and no accessible extension method 'ShadowCopyFiles' accepting a first argument of type 'AppDomainSetup' could be found (are you missing a using directive or an assembly reference?)
1	error	CS1061	'Assembly' does not contain a definition for 'PermissionSet' and no accessible extension method 'PermissionSet' accepting a first argument of type 'Assembly' could be found (are you missing a using directive or an assembly reference?)
1	error	CS1061	'DbProviderFactory' does not contain a definition for 'CreatePermission' and no accessible extension method 'CreatePermission' accepting a first argument of type 'DbProviderFactory' could be found (are you missing a using directive or an assembly reference?)
1	error	CS1061	'SqlCommand' does not contain a definition for 'NotificationAutoEnlist' and no accessible extension method 'NotificationAutoEnlist' accepting a first argument of type 'SqlCommand' could be found (are you missing a using directive or an assembly reference?)
1	error	CS1069	The type name 'ServiceControllerStatus' could not be found in the namespace 'System.ServiceProcess'. This type has been forwarded to assembly 'System.ServiceProcess.ServiceController, Version=0.0.0.0, Culture=neutral, PublicKeyToken=b03f5f7f11d50a3a' Consider adding a reference to that assembly.
1	error	CS1501	No overload for method 'CreateDomain' takes 3 arguments
1	error	CS1501	No overload for method 'CreateDomain' takes 5 arguments
1	error	CS1501	No overload for method 'SetAccessControl' takes 2 arguments
1	error	CS1503	Argument 1: cannot convert from 'System.AppDomain' to 'string'
1	error	CS1503	Argument 1: cannot convert from 'byte[]' to 'string?'
1	error	CS1503	Argument 3: cannot convert from 'string' to 'object?[]?'
1	error	CS1729	'AppDomainSetup' does not contain a constructor that takes 0 arguments
1	warning	CA1416	This call site is reachable on all platforms. 'DirectoryContextType.DirectoryServer' is only supported on: 'windows'. (https://learn.microsoft.com/dotnet/fundamentals/code-analysis/quality-rules/ca1416)
1	warning	CA1416	This call site is reachable on all platforms. 'DirectoryContextType.Domain' is only supported on: 'windows'. (https://learn.microsoft.com/dotnet/fundamentals/code-analysis/quality-rules/ca1416)
1	warning	CA1416	This call site is reachable on all platforms. 'DirectoryEntries.Add(string, string)' is only supported on: 'windows'. (https://learn.microsoft.com/dotnet/fundamentals/code-analysis/quality-rules/ca1416)
1	warning	CA1416	This call site is reachable on all platforms. 'DirectoryEntryConfiguration.GetCurrentServerName()' is only supported on: 'windows'. (https://learn.microsoft.com/dotnet/fundamentals/code-analysis/quality-rules/ca1416)
1	warning	CA1416	This call site is reachable on all platforms. 'DirectorySearcher.PageSize' is only supported on: 'windows'. (https://learn.microsoft.com/dotnet/fundamentals/code-analysis/quality-rules/ca1416)
1	warning	CA1416	This call site is reachable on all platforms. 'DirectorySearcher.Sort' is only supported on: 'windows'. (https://learn.microsoft.com/dotnet/fundamentals/code-analysis/quality-rules/ca1416)
1	warning	CA1416	This call site is reachable on all platforms. 'DirectoryServicesCOMException.ExtendedError' is only supported on: 'windows'. (https://learn.microsoft.com/dotnet/fundamentals/code-analysis/quality-rules/ca1416)
1	warning	CA1416	This call site is reachable on all platforms. 'PasswordEncodingMethod.PasswordEncodingClear' is only supported on: 'windows'. (https://learn.microsoft.com/dotnet/fundamentals/code-analysis/quality-rules/ca1416)
1	warning	CA1416	This call site is reachable on all platforms. 'PasswordEncodingMethod.PasswordEncodingSsl' is only supported on: 'windows'. (https://learn.microsoft.com/dotnet/fundamentals/code-analysis/quality-rules/ca1416)
1	warning	CA1416	This call site is reachable on all platforms. 'PropertyValueCollection.Add(object?)' is only supported on: 'windows'. (https://learn.microsoft.com/dotnet/fundamentals/code-analysis/quality-rules/ca1416)
1	warning	CA1416	This call site is reachable on all platforms. 'Registry.ClassesRoot' is only supported on: 'windows'. (https://learn.microsoft.com/dotnet/fundamentals/code-analysis/quality-rules/ca1416)
1	warning	CA1416	This call site is reachable on all platforms. 'RegistryKey.Close()' is only supported on: 'windows'. (https://learn.microsoft.com/dotnet/fundamentals/code-analysis/quality-rules/ca1416)
1	warning	CA1416	This call site is reachable on all platforms. 'RegistryKey.GetSubKeyNames()' is only supported on: 'windows'. (https://learn.microsoft.com/dotnet/fundamentals/code-analysis/quality-rules/ca1416)
1	warning	CA1416	This call site is reachable on all platforms. 'RegistryKey.GetValue(string?)' is only supported on: 'windows'. (https://learn.microsoft.com/dotnet/fundamentals/code-analysis/quality-rules/ca1416)
1	warning	CA1416	This call site is reachable on all platforms. 'RegistryKey.GetValue(string?, object?)' is only supported on: 'windows'. (https://learn.microsoft.com/dotnet/fundamentals/code-analysis/quality-rules/ca1416)
1	warning	CA1416	This call site is reachable on all platforms. 'SearchScope.Base' is only supported on: 'windows'. (https://learn.microsoft.com/dotnet/fundamentals/code-analysis/quality-rules/ca1416)
1	warning	CA1416	This call site is reachable on all platforms. 'SortDirection.Ascending' is only supported on: 'windows'. (https://learn.microsoft.com/dotnet/fundamentals/code-analysis/quality-rules/ca1416)
1	warning	CA1416	This call site is reachable on all platforms. 'SortOption' is only supported on: 'windows'. (https://learn.microsoft.com/dotnet/fundamentals/code-analysis/quality-rules/ca1416)
1	warning	CA1416	This call site is reachable on all platforms. 'Type.GetTypeFromCLSID(Guid)' is only supported on: 'windows'. (https://learn.microsoft.com/dotnet/fundamentals/code-analysis/quality-rules/ca1416)
1	warning	CA1416	This call site is reachable on all platforms. 'Type.GetTypeFromProgID(string, bool)' is only supported on: 'windows'. (https://learn.microsoft.com/dotnet/fundamentals/code-analysis/quality-rules/ca1416)
1	warning	CA1416	This call site is reachable on all platforms. 'WindowsIdentity.AuthenticationType' is only supported on: 'windows'. (https://learn.microsoft.com/dotnet/fundamentals/code-analysis/quality-rules/ca1416)
1	warning	CA1416	This call site is reachable on all platforms. 'WindowsIdentity.Dispose()' is only supported on: 'windows'. (https://learn.microsoft.com/dotnet/fundamentals/code-analysis/quality-rules/ca1416)
1	warning	CA1416	This call site is reachable on all platforms. 'WindowsIdentity.GetAnonymous()' is only supported on: 'windows'. (https://learn.microsoft.com/dotnet/fundamentals/code-analysis/quality-rules/ca1416)
1	warning	CA1416	This call site is reachable on all platforms. 'WindowsPrincipal.Identity' is only supported on: 'windows'. (https://learn.microsoft.com/dotnet/fundamentals/code-analysis/quality-rules/ca1416)
1	warning	CA1416	This call site is reachable on all platforms. 'WindowsPrincipal.IsInRole(WindowsBuiltInRole)' is only supported on: 'windows'. (https://learn.microsoft.com/dotnet/fundamentals/code-analysis/quality-rules/ca1416)
1	warning	CA2200	Re-throwing caught exception changes stack information (https://learn.microsoft.com/dotnet/fundamentals/code-analysis/quality-rules/ca2200)
1	warning	CS0108	'LosWriter.Dispose()' hides inherited member 'TextWriter.Dispose()'. Use the new keyword if hiding was intended.
1	warning	CS0612	'HostSecurityManager.ResolvePolicy(Evidence)' is obsolete
1	warning	CS0618	'MachineKeySection.GetDecodedData(byte[], byte[], int, int, ref int)' is obsolete: 'This API exists only for backward compatibility; new framework features that require cryptographic services MUST NOT call it. New features should use the AspNetCryptoServiceProvider class instead.'
1	warning	CS0618	'OnChangeEventHandler' is obsolete: 'Use the Microsoft.Data.SqlClient package instead.'
1	warning	CS0618	'SqlClientFactory' is obsolete: 'Use the Microsoft.Data.SqlClient package instead.'
1	warning	CS0618	'SqlNotificationEventArgs' is obsolete: 'Use the Microsoft.Data.SqlClient package instead.'
1	warning	CS0618	'TimeZone' is obsolete: 'System.TimeZone has been deprecated. Investigate the use of System.TimeZoneInfo instead.'
1	warning	CS0618	'string.Copy(string)' is obsolete: 'This API should not be used to create mutable strings. See https://go.microsoft.com/fwlink/?linkid=2084035 for alternatives.'
1	warning	CS0672	Member 'AppDomainProtocolHandler.InitializeLifetimeService()' overrides obsolete member 'MarshalByRefObject.InitializeLifetimeService()'. Add the Obsolete attribute to 'AppDomainProtocolHandler.InitializeLifetimeService()'.
1	warning	CS0672	Member 'ApplicationManager.AspNetAppDomainManager.AspNetHostSecurityManager.ResolvePolicy(Evidence)' overrides obsolete member 'HostSecurityManager.ResolvePolicy(Evidence)'. Add the Obsolete attribute to 'ApplicationManager.AspNetAppDomainManager.AspNetHostSecurityManager.ResolvePolicy(Evidence)'.
1	warning	CS0672	Member 'ApplicationManager.InitializeLifetimeService()' overrides obsolete member 'MarshalByRefObject.InitializeLifetimeService()'. Add the Obsolete attribute to 'ApplicationManager.InitializeLifetimeService()'.
1	warning	CS0672	Member 'BuildManagerHost.InitializeLifetimeService()' overrides obsolete member 'MarshalByRefObject.InitializeLifetimeService()'. Add the Obsolete attribute to 'BuildManagerHost.InitializeLifetimeService()'.
1	warning	CS0672	Member 'ClientBuildManager.InitializeLifetimeService()' overrides obsolete member 'MarshalByRefObject.InitializeLifetimeService()'. Add the Obsolete attribute to 'ClientBuildManager.InitializeLifetimeService()'.
1	warning	CS0672	Member 'ClientBuildManagerCallback.InitializeLifetimeService()' overrides obsolete member 'MarshalByRefObject.InitializeLifetimeService()'. Add the Obsolete attribute to 'ClientBuildManagerCallback.InitializeLifetimeService()'.
1	warning	CS0672	Member 'ClientBuildManagerTypeDescriptionProviderBridge.InitializeLifetimeService()' overrides obsolete member 'MarshalByRefObject.InitializeLifetimeService()'. Add the Obsolete attribute to 'ClientBuildManagerTypeDescriptionProviderBridge.InitializeLifetimeService()'.
1	warning	CS0672	Member 'HostingEnvironment.InitializeLifetimeService()' overrides obsolete member 'MarshalByRefObject.InitializeLifetimeService()'. Add the Obsolete attribute to 'HostingEnvironment.InitializeLifetimeService()'.
1	warning	CS0672	Member 'HostingEnvironmentException.GetObjectData(SerializationInfo, StreamingContext)' overrides obsolete member 'Exception.GetObjectData(SerializationInfo, StreamingContext)'. Add the Obsolete attribute to 'HostingEnvironmentException.GetObjectData(SerializationInfo, StreamingContext)'.
1	warning	CS0672	Member 'HttpApplicationStateWrapper.GetObjectData(SerializationInfo, StreamingContext)' overrides obsolete member 'NameObjectCollectionBase.GetObjectData(SerializationInfo, StreamingContext)'. Add the Obsolete attribute to 'HttpApplicationStateWrapper.GetObjectData(SerializationInfo, StreamingContext)'.
1	warning	CS0672	Member 'HttpCompileException.GetObjectData(SerializationInfo, StreamingContext)' overrides obsolete member 'Exception.GetObjectData(SerializationInfo, StreamingContext)'. Add the Obsolete attribute to 'HttpCompileException.GetObjectData(SerializationInfo, StreamingContext)'.
1	warning	CS0672	Member 'HttpException.GetObjectData(SerializationInfo, StreamingContext)' overrides obsolete member 'Exception.GetObjectData(SerializationInfo, StreamingContext)'. Add the Obsolete attribute to 'HttpException.GetObjectData(SerializationInfo, StreamingContext)'.
1	warning	CS0672	Member 'HttpFileCollectionWrapper.GetObjectData(SerializationInfo, StreamingContext)' overrides obsolete member 'NameObjectCollectionBase.GetObjectData(SerializationInfo, StreamingContext)'. Add the Obsolete attribute to 'HttpFileCollectionWrapper.GetObjectData(SerializationInfo, StreamingContext)'.
1	warning	CS0672	Member 'HttpHeaderCollection.GetObjectData(SerializationInfo, StreamingContext)' overrides obsolete member 'NameObjectCollectionBase.GetObjectData(SerializationInfo, StreamingContext)'. Add the Obsolete attribute to 'HttpHeaderCollection.GetObjectData(SerializationInfo, StreamingContext)'.
1	warning	CS0672	Member 'HttpParseException.GetObjectData(SerializationInfo, StreamingContext)' overrides obsolete member 'Exception.GetObjectData(SerializationInfo, StreamingContext)'. Add the Obsolete attribute to 'HttpParseException.GetObjectData(SerializationInfo, StreamingContext)'.
1	warning	CS0672	Member 'HttpServerVarsCollection.GetObjectData(SerializationInfo, StreamingContext)' overrides obsolete member 'NameObjectCollectionBase.GetObjectData(SerializationInfo, StreamingContext)'. Add the Obsolete attribute to 'HttpServerVarsCollection.GetObjectData(SerializationInfo, StreamingContext)'.
1	warning	CS0672	Member 'ISAPIApplicationHost.InitializeLifetimeService()' overrides obsolete member 'MarshalByRefObject.InitializeLifetimeService()'. Add the Obsolete attribute to 'ISAPIApplicationHost.InitializeLifetimeService()'.
1	warning	CS0672	Member 'ISAPIRuntime.InitializeLifetimeService()' overrides obsolete member 'MarshalByRefObject.InitializeLifetimeService()'. Add the Obsolete attribute to 'ISAPIRuntime.InitializeLifetimeService()'.
1	warning	CS0672	Member 'MapPathBasedVirtualPathCollection.InitializeLifetimeService()' overrides obsolete member 'MarshalByRefObject.InitializeLifetimeService()'. Add the Obsolete attribute to 'MapPathBasedVirtualPathCollection.InitializeLifetimeService()'.
1	warning	CS0672	Member 'MapPathBasedVirtualPathEnumerator.InitializeLifetimeService()' overrides obsolete member 'MarshalByRefObject.InitializeLifetimeService()'. Add the Obsolete attribute to 'MapPathBasedVirtualPathEnumerator.InitializeLifetimeService()'.
1	warning	CS0672	Member 'PipelineRuntime.InitializeLifetimeService()' overrides obsolete member 'MarshalByRefObject.InitializeLifetimeService()'. Add the Obsolete attribute to 'PipelineRuntime.InitializeLifetimeService()'.
1	warning	CS0672	Member 'PreloadHost.InitializeLifetimeService()' overrides obsolete member 'MarshalByRefObject.InitializeLifetimeService()'. Add the Obsolete attribute to 'PreloadHost.InitializeLifetimeService()'.
1	warning	CS0672	Member 'ProcessHost.InitializeLifetimeService()' overrides obsolete member 'MarshalByRefObject.InitializeLifetimeService()'. Add the Obsolete attribute to 'ProcessHost.InitializeLifetimeService()'.
1	warning	CS0672	Member 'ProcessHostFactoryHelper.InitializeLifetimeService()' overrides obsolete member 'MarshalByRefObject.InitializeLifetimeService()'. Add the Obsolete attribute to 'ProcessHostFactoryHelper.InitializeLifetimeService()'.
1	warning	CS0672	Member 'ProcessProtocolHandler.InitializeLifetimeService()' overrides obsolete member 'MarshalByRefObject.InitializeLifetimeService()'. Add the Obsolete attribute to 'ProcessProtocolHandler.InitializeLifetimeService()'.
1	warning	CS0672	Member 'RecycleLimitMonitor.InitializeLifetimeService()' overrides obsolete member 'MarshalByRefObject.InitializeLifetimeService()'. Add the Obsolete attribute to 'RecycleLimitMonitor.InitializeLifetimeService()'.
1	warning	CS0672	Member 'RecycleLimitMonitor.RecycleLimitMonitorSingleton.InitializeLifetimeService()' overrides obsolete member 'MarshalByRefObject.InitializeLifetimeService()'. Add the Obsolete attribute to 'RecycleLimitMonitor.RecycleLimitMonitorSingleton.InitializeLifetimeService()'.
1	warning	CS0672	Member 'RemoteWebConfigurationHost.GetRestrictedPermissions(IInternalConfigRecord, out PermissionSet, out bool)' overrides obsolete member 'DelegatingConfigHost.GetRestrictedPermissions(IInternalConfigRecord, out PermissionSet, out bool)'. Add the Obsolete attribute to 'RemoteWebConfigurationHost.GetRestrictedPermissions(IInternalConfigRecord, out PermissionSet, out bool)'.
1	warning	CS0672	Member 'SimpleApplicationHost.InitializeLifetimeService()' overrides obsolete member 'MarshalByRefObject.InitializeLifetimeService()'. Add the Obsolete attribute to 'SimpleApplicationHost.InitializeLifetimeService()'.
1	warning	CS0672	Member 'SqlExecutionException.GetObjectData(SerializationInfo, StreamingContext)' overrides obsolete member 'Exception.GetObjectData(SerializationInfo, StreamingContext)'. Add the Obsolete attribute to 'SqlExecutionException.GetObjectData(SerializationInfo, StreamingContext)'.
1	warning	CS0672	Member 'ViewStateException.GetObjectData(SerializationInfo, StreamingContext)' overrides obsolete member 'Exception.GetObjectData(SerializationInfo, StreamingContext)'. Add the Obsolete attribute to 'ViewStateException.GetObjectData(SerializationInfo, StreamingContext)'.
1	warning	CS0672	Member 'VirtualFileBase.InitializeLifetimeService()' overrides obsolete member 'MarshalByRefObject.InitializeLifetimeService()'. Add the Obsolete attribute to 'VirtualFileBase.InitializeLifetimeService()'.
1	warning	CS0672	Member 'VirtualPathProvider.InitializeLifetimeService()' overrides obsolete member 'MarshalByRefObject.InitializeLifetimeService()'. Add the Obsolete attribute to 'VirtualPathProvider.InitializeLifetimeService()'.
1	warning	CS0672	Member 'WebAdminConfigurationHelper.InitializeLifetimeService()' overrides obsolete member 'MarshalByRefObject.InitializeLifetimeService()'. Add the Obsolete attribute to 'WebAdminConfigurationHelper.InitializeLifetimeService()'.
1	warning	CS0672	Member 'WebConfigurationHost.GetRestrictedPermissions(IInternalConfigRecord, out PermissionSet, out bool)' overrides obsolete member 'DelegatingConfigHost.GetRestrictedPermissions(IInternalConfigRecord, out PermissionSet, out bool)'. Add the Obsolete attribute to 'WebConfigurationHost.GetRestrictedPermissions(IInternalConfigRecord, out PermissionSet, out bool)'.
1	warning	CS3021	'HtmlTextWriter.WriteLine(uint)' does not need a CLSCompliant attribute because the assembly does not have a CLSCompliant attribute
1	warning	CS3021	'HttpWorkerRequest.GetUnknownRequestHeaders()' does not need a CLSCompliant attribute because the assembly does not have a CLSCompliant attribute
1	warning	SYSLIB0003	'RegistryPermission' is obsolete: 'Code Access Security is not supported or honored by the runtime.' (https://aka.ms/dotnet-warnings/SYSLIB0003)
1	warning	SYSLIB0003	'RegistryPermissionAccess' is obsolete: 'Code Access Security is not supported or honored by the runtime.' (https://aka.ms/dotnet-warnings/SYSLIB0003)
1	warning	SYSLIB0003	'SqlClientPermissionAttribute' is obsolete: 'Code Access Security is not supported or honored by the runtime.' (https://aka.ms/dotnet-warnings/SYSLIB0003)
1	warning	SYSLIB0004	'RuntimeHelpers.PrepareConstrainedRegions()' is obsolete: 'The Constrained Execution Region (CER) feature is not supported.' (https://aka.ms/dotnet-warnings/SYSLIB0004)
1	warning	SYSLIB0012	'Assembly.EscapedCodeBase' is obsolete: 'Assembly.CodeBase and Assembly.EscapedCodeBase are only included for .NET Framework compatibility. Use Assembly.Location.' (https://aka.ms/dotnet-warnings/SYSLIB0012)
1	warning	SYSLIB0013	'Uri.EscapeUriString(string)' is obsolete: 'Uri.EscapeUriString can corrupt the Uri string in some cases. Consider using Uri.EscapeDataString for query string components instead.' (https://aka.ms/dotnet-warnings/SYSLIB0013)
1	warning	SYSLIB0014	'ServicePointManager' is obsolete: 'WebRequest, HttpWebRequest, ServicePoint, and WebClient are obsolete. Use HttpClient instead. Settings on ServicePointManager no longer affect SslStream or HttpClient.' (https://aka.ms/dotnet-warnings/SYSLIB0014)
1	warning	SYSLIB0019	'RuntimeEnvironment.GetRuntimeInterfaceAsObject(Guid, Guid)' is obsolete: 'RuntimeEnvironment members SystemConfigurationFile, GetRuntimeInterfaceAsIntPtr, and GetRuntimeInterfaceAsObject are not supported and throw PlatformNotSupportedException.' (https://aka.ms/dotnet-warnings/SYSLIB0019)
1	warning	SYSLIB0021	'AesCryptoServiceProvider' is obsolete: 'Derived cryptographic types are obsolete. Use the Create method on the base type instead.' (https://aka.ms/dotnet-warnings/SYSLIB0021)
1	warning	SYSLIB0021	'DESCryptoServiceProvider' is obsolete: 'Derived cryptographic types are obsolete. Use the Create method on the base type instead.' (https://aka.ms/dotnet-warnings/SYSLIB0021)
1	warning	SYSLIB0021	'SHA256Managed' is obsolete: 'Derived cryptographic types are obsolete. Use the Create method on the base type instead.' (https://aka.ms/dotnet-warnings/SYSLIB0021)
1	warning	SYSLIB0044	'AssemblyName.CodeBase' is obsolete: 'AssemblyName.CodeBase and AssemblyName.EscapedCodeBase are obsolete. Using them for loading an assembly is not supported.' (https://aka.ms/dotnet-warnings/SYSLIB0044)
1	warning	SYSLIB0045	'SymmetricAlgorithm.Create(string)' is obsolete: 'Cryptographic factory methods accepting an algorithm name are obsolete. Use the parameterless Create factory method on the algorithm type instead.' (https://aka.ms/dotnet-warnings/SYSLIB0045)
1	warning	SYSLIB0050	'StreamingContext.StreamingContext(StreamingContextStates)' is obsolete: 'Formatter-based serialization is obsolete and should not be used.' (https://aka.ms/dotnet-warnings/SYSLIB0050)
1	warning	SYSLIB0050	'StreamingContextStates' is obsolete: 'Formatter-based serialization is obsolete and should not be used.' (https://aka.ms/dotnet-warnings/SYSLIB0050)
1	warning	SYSLIB0051	'ClaimsPrincipal.ClaimsPrincipal(SerializationInfo, StreamingContext)' is obsolete: 'This API supports obsolete formatter-based serialization. It should not be called or extended by application code.' (https://aka.ms/dotnet-warnings/SYSLIB0051)
1	warning	SYSLIB0051	'ExternalException.ExternalException(SerializationInfo, StreamingContext)' is obsolete: 'This API supports obsolete formatter-based serialization. It should not be called or extended by application code.' (https://aka.ms/dotnet-warnings/SYSLIB0051)
1	warning	SYSLIB0051	'NameValueCollection.NameValueCollection(SerializationInfo, StreamingContext)' is obsolete: 'This API supports obsolete formatter-based serialization. It should not be called or extended by application code.' (https://aka.ms/dotnet-warnings/SYSLIB0051)
